id,customer_message,intent,expected_action,reference_resolution,difficulty,notes
G001,"just bought this from your Liverpool one store and physically feel sick what the hell is that floating around in the bottom of the jar some sort of fly / maggot thing #tesco #liverpool",product_quality,ESCALATE,"Acknowledge the potential contamination, advise not consuming the product, collect product and batch details, and escalate for investigation.",easy,"Potential foreign-object food-safety issue; source_conversation_id=Tesco_1615218"
G002,"Still no phonecall , still not fixed this is beyond ridiculous and a total disregard for local residents",customer_service_complaint,ESCALATE,"Acknowledge the unresolved issue and arrange appropriate follow-up with the responsible team.",medium,"Missing context about the underlying issue; source_conversation_id=Tesco_160480"
G003,"what’s going on with the bakery in your New Malden branch? Cheese twist tastes like an old crusty foot and the danishes are an oxymoronic dry &soggy?! And coffee machine out of order. Not happy. #sortitout",product_quality,ESCALATE,"Apologize for the poor bakery quality and report the product-quality and equipment concerns to the store.",easy,"Primary complaint concerns food quality; also mentions broken coffee machine; source_conversation_id=Tesco_684056"
G004,"not sure who I spoke to on Friday, but I really appreciated the help from the lady who sorted a later pickup of my click&collect given I was stuck on the M5.",delivery_issue,AUTO_HANDLE,"Thank the customer for the positive feedback and pass the recognition to the relevant Click & Collect team.",easy,"Positive Click & Collect service feedback; source_conversation_id=Tesco_2498275"
G005,"food delivery late yet again, I am yet to receive one within my chosen time!",delivery_issue,ESCALATE,"Acknowledge the missed delivery window, check delivery status, and provide an updated ETA or appropriate resolution.",easy,"Repeated late delivery; source_conversation_id=Tesco_2008050"
G006,"member of staff in Brooklands scan as you shop could do with some customer service training #trycrackingasmile #talktothecustomer",customer_service_complaint,ESCALATE,"Acknowledge the service complaint and forward the feedback to the relevant store management team.",easy,"Staff behavior/training complaint; source_conversation_id=Tesco_1331367"
G007,"Hello 👋 How can I request items in my local store? 😊 Any vegan butter (vitalite/pure) in Filton Avenue store? ~AD",stock_availability,AUTO_HANDLE,"Explain how to request products and provide or check availability of vegan butter at the specified store.",easy,"Product request and local stock query; source_conversation_id=Tesco_1259741"
G008,"Well good to see that the refurbishment of peasedown has done absolutely nothing! Self checkouts still card only, main tills not taking coupons or keyfob clubcards. Stock is shocking and overheard two employees discussing leaving stock out in rain as no room inside. :(",customer_service_complaint,ESCALATE,"Acknowledge the multiple store-service concerns and route the operational issues to store management.",hard,"Multiple issues: tills, coupons, Clubcard, stock handling and staff comments; source_conversation_id=Tesco_2733109"
G009,"I was so pleased with my new chair from Tesco Direct until I realised the legs were more than a little wonky. Help please ? #fail",product_quality,ESCALATE,"Acknowledge the faulty product complaint and provide the appropriate return, replacement, or refund process.",easy,"Faulty purchased product; source_conversation_id=Tesco_2789437"
G010,"third delivery in a row which is late, promised a call back last time which I never got. Going back to I think!",delivery_issue,ESCALATE,"Acknowledge the repeated missed delivery windows and failed callback, then arrange investigation and follow-up.",easy,"Repeated delivery failure and callback issue; source_conversation_id=Tesco_966408"
G011,"I’ve attempted it one! But I prefer to buy it ready made so I know it’s edible 😂😂",OVERSIZED_MIXED_CLUSTER__5,AUTO_HANDLE,"Acknowledge the comment and provide relevant information if the referenced product or activity can be identified.",hard,"Reply depends on missing preceding context; source_conversation_id=Tesco_1173166"
G012,"I'm really glad that my local have lactose free products in, and I know they probably don't sell a huge amount, but was super disappointed to see the yogurts I went to get yesterday had a use by date of 26/11. Thankfully they had an alternative option!",product_quality,ESCALATE,"Acknowledge the concern about short-dated lactose-free products and report the date-quality issue to the store.",medium,"Short use-by date rather than clearly expired product; source_conversation_id=Tesco_2841149"
G013,"I had a food delivery Weds 15th Nov. In my shop was a bottle of Tesco drain unblocker. The lid wasn't on properly, its wasn't double bagged and leaked all over food items and then on our wooden work surface. I called and let you know immediately & again yesterday NOTHING",product_quality,ESCALATE,"Apologize for the leaked chemical product, advise against using affected food, and escalate the contamination and unresolved complaint.",easy,"Chemical leakage contaminated groceries; source_conversation_id=Tesco_2620342"
G014,"which I believe you have acknowledged by re pricing the online price (£25) to match the store (£50) after receiving this message",OVERSIZED_MIXED_CLUSTER__5,AUTO_HANDLE,"Acknowledge the price adjustment and confirm the applicable pricing resolution.",hard,"Context is incomplete and wording appears to be a follow-up reply; source_conversation_id=Tesco_1326340"
G015,"Very disappointing #customerservice from #tesco Newport, avoiding a refund for faulty goods. Know your rights as a customer #tradingstandards",customer_service_complaint,ESCALATE,"Acknowledge the complaint about refusal of a refund for faulty goods and escalate to customer service.",easy,"Customer-service complaint involving faulty goods and refund; source_conversation_id=Tesco_2858944"
G016,"Terrible service from phone to see where late running delivery is only to be told it isn’t coming at all. Didn’t think to tell us tho",delivery_issue,ESCALATE,"Apologize for the failed delivery and lack of notification, then investigate the order and provide a resolution.",easy,"Delivery cancelled/no-show without notification; source_conversation_id=Tesco_2798570"
G017,"why have the fruit bags been removed from the meal deal? But packaging still states meal deal? What happened to healthy eating?",uncategorized__meal,AUTO_HANDLE,"Explain the current Meal Deal product selection and any change to the fruit-bag offering.",easy,"Meal Deal product-selection query; source_conversation_id=Tesco_1058998"
G018,"I’m waiting for a delivery and the most accurate time your tracking can give me is between 8am - 7pm? Terrible service.",delivery_issue,ESCALATE,"Explain the delivery tracking limitations and, where possible, provide a more specific delivery estimate.",easy,"Delivery tracking/window complaint; source_conversation_id=Tesco_2407434"
G019,"Can I still pre order call of duty from you?",stock_availability,AUTO_HANDLE,"Check whether the requested Call of Duty title is available for preorder and provide the applicable ordering information.",easy,"Specific product availability/preorder query; source_conversation_id=Tesco_1450201"
G020,"just bought this from Elmers end store. Moldy on the inside.",product_quality,ESCALATE,"Acknowledge the mould complaint, advise not consuming the product, and escalate for product-quality investigation.",easy,"Food quality/contamination; source_conversation_id=Tesco_1232982"
G021,"i thought your victoria express in warwick way opened on 2nd december? When does it open?",uncategorized__tesco,AUTO_HANDLE,"Provide the opening date and opening hours for the specified Tesco Express store.",easy,"Store opening information; source_conversation_id=Tesco_1971929"
G022,"Still waiting for an apology from delivery Terrible customer service",delivery_issue,ESCALATE,"Acknowledge the delivery complaint and arrange appropriate follow-up regarding the requested apology.",medium,"Delivery-related service complaint; source_conversation_id=Tesco_445803"
G023,"you might want to get your Macclesfield store to check the rest of the dates on these. Bought this today and it's nearly a month out of date",product_quality,ESCALATE,"Apologize for the expired product, advise not consuming it, and report the store/date-control issue.",easy,"Expired product; source_conversation_id=Tesco_2253258"
G024,"is there something wrong with the website? Was in the middle of an online shop & now it’s saying it can’t direct me to the page?",technical_problem,AUTO_HANDLE,"Troubleshoot the website navigation error and advise the customer on how to resume the online shop.",easy,"Website technical issue; source_conversation_id=Tesco_1585468"
G025,"this whole pack of free range chicken has gone off! What's the deal? Smells awful.",product_quality,ESCALATE,"Acknowledge the spoiled food complaint, advise not consuming it, and escalate for investigation.",easy,"Spoiled food; source_conversation_id=Tesco_1170353"
G026,"Pretty poor produce",product_quality,ESCALATE,"Acknowledge the quality complaint and ask for product details so the issue can be investigated.",hard,"Very little context about the affected produce; source_conversation_id=Tesco_1092455"
G027,"Once again in Corby put stock on their shelves that isn't ""on file"" and the duty manager didn't want to deal with! Way to go David Braybrook. What a happy customer you made me.....NOT",customer_service_complaint,ESCALATE,"Acknowledge the store-service complaint and escalate the stock and management-handling issue.",medium,"Store operations plus manager service complaint; source_conversation_id=Tesco_1467585"
G028,"Thank you I will dm you now",uncategorized__dm,AUTO_HANDLE,"Acknowledge that the customer intends to continue the conversation by direct message.",easy,"Explicit DM reference; source_conversation_id=Tesco_1231101"
G029,"can you tell me which stores in Leeds will have the Kellogg’s advent calendar in stock?",stock_availability,AUTO_HANDLE,"Check and provide availability of the Kellogg’s advent calendar at relevant Leeds stores.",easy,"Store stock lookup; source_conversation_id=Tesco_1980362"
G030,"Just bought cookie Dough ice cream from your Glenrothes branch, UB in JUNE 2017! Why’s this on sale 5 months later?",product_quality,ESCALATE,"Apologize for the out-of-date product and escalate the store's date-control issue.",easy,"Expired product; source_conversation_id=Tesco_2018192"
G031,"I placed an order for this item on 17/11 for delivery on or before 23/11 and it immediately went out of stock. It has been back in stock now for several days and still hasn't been dispatched. When will you fulfil my order?",delivery_issue,ESCALATE,"Check the order and stock status and provide a fulfilment update or appropriate resolution.",medium,"Specific order awaiting fulfilment after stock returned; source_conversation_id=Tesco_155339"
G032,"A most dispiriting shopping experience New Malden today. Scan as you shop scanner wall failed to read Clubcard. Cannot type in number manually as touch screen is unresponsive. Hand held scanner froze half way through shop. Assistants were clueless and unapologetic",technical_problem,ESCALATE,"Acknowledge the equipment failures and escalate the Scan as You Shop and touchscreen problems to the store.",easy,"Primary issues are multiple store-device failures; source_conversation_id=Tesco_504351"
G033,"Really? Why?",OVERSIZED_MIXED_CLUSTER__5,ESCALATE,"Request the missing context or previous message before providing an accurate explanation.",hard,"Context-dependent reply with no identifiable issue; source_conversation_id=Tesco_1047345"
G034,"hi is there anyway someone can find out why my shopping didn't arrive tonight please?",delivery_issue,ESCALATE,"Check the delivery status and explain why the shopping did not arrive, then provide an appropriate resolution.",easy,"Missing delivery; source_conversation_id=Tesco_1299599"
G035,"Not long till #christmas #xmas lol 😂 mince pies,stollen, alcohol, lots of food, family time, tv, the music, the tree, presents love it! 🎅🏻🎁😉",OVERSIZED_MIXED_CLUSTER__5,AUTO_HANDLE,"Acknowledge the positive seasonal message without inventing a support issue.",easy,"General social/chit-chat message; source_conversation_id=Tesco_2346676"
G036,"Hi, this machine has yet to be fixed, last message said to tell you if it wasn’t working within 7-10 days, that was 4 weeks ago. Sent a DM this morning but not heard back",technical_problem,ESCALATE,"Acknowledge the unresolved machine fault and arrange follow-up with the responsible team.",medium,"Specific equipment issue with prolonged unresolved status; source_conversation_id=Tesco_1787569"
G037,"Worst Tesco experience today. No stock of all the essentials, long lines, not enough tills open.",customer_service_complaint,ESCALATE,"Acknowledge the poor store experience and escalate the stock, queue, and staffing concerns.",easy,"Multiple store-service problems; source_conversation_id=Tesco_1706296"
G038,"I FOUND A HAIR IN MY MEAL!!!! AND ITS BLONDE SO ITS DEFO NOT MINE! 🌚😠",product_quality,ESCALATE,"Acknowledge the foreign-object complaint, advise not consuming the affected food, and escalate for investigation.",easy,"Food contamination; source_conversation_id=Tesco_2122380"
G039,"Im actually disgusted by Tesco’s quality lately. Absolutely disgusting! 😷🤢🤢#badquality #notnice #Tesco",product_quality,ESCALATE,"Acknowledge the product-quality complaint and ask for details of the affected product if needed.",medium,"General quality complaint without product details; source_conversation_id=Tesco_2562702"
G040,"Gluten Free offer on website show quorn mini sausage rolls (wheat flour etc)",uncategorized__free,ESCALATE,"Acknowledge the gluten-free listing concern and escalate the potentially incorrect product information for correction.",easy,"Free-from product labeling/listing issue; source_conversation_id=Tesco_1308534"
G041,"I have just had the unfortunate experience at one of your Liverpool store. Only limiting us to 6 dream pie topping. Absolutely ridiculous. I’m not a satisfied customer. I’m hoping to get an explanation ASAP. A very disgruntled customer.",stock_availability,AUTO_HANDLE,"Explain the applicable purchase limit for the product and why the limit is in place.",medium,"Product quantity restriction; source_conversation_id=Tesco_1357446"
G042,"Thank you Daffyd",OVERSIZED_MIXED_CLUSTER__5,AUTO_HANDLE,"Acknowledge the customer's thanks.",hard,"No substantive support intent; source_conversation_id=Tesco_2956362"
G043,"I've sent you a DM. Thankyou for getting back to me about this.",uncategorized__dm,AUTO_HANDLE,"Acknowledge receipt of the customer's DM and continue the conversation through the appropriate channel.",easy,"Explicit DM reference; source_conversation_id=Tesco_851346"
G044,"Delighted with my experience of; being refused paying for my fuel at your forecourt with Apple Pay because you’re stuck in a time warp & £30 limit (which was only ever ‘contactless’, NOT Apple Pay). I then paid you by card, then you referring me to a debt agency! Brilliant",OVERSIZED_MIXED_CLUSTER__5,ESCALATE,"Acknowledge the payment and debt-agency complaint and escalate for investigation of the transaction and account handling.",hard,"Payment/debt issue has no dedicated taxonomy intent; source_conversation_id=Tesco_620460"
G045,"Hi, your grocery website keeps going down/error message. I've lost my delivery slot 3 X now. What's up?",technical_problem,ESCALATE,"Investigate the recurring grocery website failure and the resulting lost delivery slots.",easy,"Website outage causing delivery-slot loss; source_conversation_id=Tesco_1963794"
G046,"Any idea why part of my Click&Collect order would be showing as Collected when I haven’t even been in to pick it up as of yet?",delivery_issue,ESCALATE,"Investigate the Click & Collect order status and correct the order if it has been incorrectly marked as collected.",medium,"Order-specific collection status issue; source_conversation_id=Tesco_2946157"
G047,"My clubcard and online tesco account don't match up! Can you help?",uncategorized__tesco,ESCALATE,"Investigate the mismatch between the customer's Clubcard and online account and provide account-specific support.",easy,"Account issue has no dedicated taxonomy label; source_conversation_id=Tesco_660639"
G048,"Hi I'm doing a research about Tesco company and I'd like to know how the organization review and monitors it's customer service",customer_service_complaint,AUTO_HANDLE,"Provide general information about how Tesco reviews and monitors customer service.",easy,"General customer-service information request; source_conversation_id=Tesco_541724"
G049,"I don’t think I’ll be buying my veg (fresh or prepackaged) from yourselves or any supermarket again, after discovering this little ugly critter on the carrots 😷 I’ll be sticking to tinned from now on !! #Tesco",product_quality,ESCALATE,"Acknowledge the foreign-object complaint, advise not consuming the affected product, and escalate for investigation.",easy,"Foreign object/possible pest in food; source_conversation_id=Tesco_2205670"
G050,"if an album comes out Nov 10th do you have it on shelf at midnight that date, i.e not just stocked in the AM? Asking for a friend.",stock_availability,AUTO_HANDLE,"Explain whether the album will be available for purchase at midnight on its release date.",easy,"Product availability/timing query; source_conversation_id=Tesco_1483077"
G051,"just bought a pack of your jam doughnuts, what do you think the black bits are in this? There was 2 in the pack like this",product_quality,ESCALATE,"Acknowledge the suspected foreign material, advise not consuming the affected product, and escalate for investigation.",easy,"Possible foreign material in food; source_conversation_id=Tesco_1834588"
G052,"I know its an online service but it said it was available at your south road store Dundee and according to a member of staff we were not the only people to travel some distance to try and buy it from that store",stock_availability,ESCALATE,"Acknowledge the inaccurate availability information and investigate the store stock discrepancy.",medium,"Online stock information did not match store reality; source_conversation_id=Tesco_2774753"
G053,"I know I'm disgusted, I guess there will be no smarties tubes in the stockings this year 😔",stock_availability,AUTO_HANDLE,"Explain whether Smarties tubes are currently available and, if possible, provide availability information.",medium,"Likely product availability complaint; source_conversation_id=Tesco_118979"
G054,"very disappointed with these, contain about 1 cube of chicken. I know things never look the the picture but this is taking the mickey",product_quality,AUTO_HANDLE,"Acknowledge the concern about the amount of chicken and provide the appropriate product feedback route.",easy,"Product contents/quality complaint; source_conversation_id=Tesco_1514506"
G055,"Not sure if it’s a production problem or what, literally bought today and never had this problem before",product_quality,ESCALATE,"Ask for the product details and acknowledge the possible production-quality issue for investigation.",hard,"Underlying product problem is omitted from the message; source_conversation_id=Tesco_1938671"
G056,"Hi Nick, thanks for your response. Sure thing - it's 0323 8141. :)",OVERSIZED_MIXED_CLUSTER__5,ESCALATE,"Handle the supplied reference or details in the existing support conversation and avoid assuming the underlying issue.",hard,"Context-dependent response containing a number; source_conversation_id=Tesco_1288316"
G057,"when ordering online groceries could the option at the end to add to Foodbank be added? Just a thought",technical_problem,AUTO_HANDLE,"Acknowledge the feature suggestion and route it as feedback for the online grocery service.",easy,"Online grocery feature request; source_conversation_id=Tesco_2142861"
G058,"In store",OVERSIZED_MIXED_CLUSTER__5,ESCALATE,"Request the missing context before deciding what support is required.",hard,"Insufficient context; source_conversation_id=Tesco_1675640"
G059,"if your online grocery delivery service is incapable of displaying my correct address and my delivery driver complains that the details provided send them to the wrong address is that a subtle hint that you no longer want my custom? 🤔",delivery_issue,ESCALATE,"Investigate the incorrect delivery address information and resolve the driver routing problem.",medium,"Delivery/address issue; source_conversation_id=Tesco_2751327"
G060,"Very poor service received from home delivery! First time used and definitely the last time!! Would not recommend these to anyone! 😡",delivery_issue,ESCALATE,"Acknowledge the poor home-delivery experience and investigate the service issue.",easy,"General home-delivery complaint; source_conversation_id=Tesco_1635274"
G061,"After being on the phone to Barclays for 20 mins just discovered that it has been sent to the old card! Spoke to a manager in store and customer service on the phone twice last week who both assured me after 6 days of waiting the refund would be sent to new card 😐",OVERSIZED_MIXED_CLUSTER__5,ESCALATE,"Investigate the refund destination and transaction status and provide an appropriate resolution.",medium,"Refund/payment issue with no dedicated taxonomy intent; source_conversation_id=Tesco_2733088"
G062,"Tesco have been marvellous.Thank you x",OVERSIZED_MIXED_CLUSTER__5,AUTO_HANDLE,"Acknowledge the positive feedback and thank the customer.",easy,"General praise without a substantive intent; source_conversation_id=Tesco_1659570"
G063,"why you gotta ruin the Christmas meal deals by putting cranberry on everything. Why do you me so?",uncategorized__meal,AUTO_HANDLE,"Acknowledge the feedback about the Christmas Meal Deal product selection.",easy,"Meal Deal product feedback; source_conversation_id=Tesco_688192"
G064,"To be honest, even contacting Pom Bears is risky. There's no guarantee that if they are currently wheat free they would stay this way. And there would be no way of me knowing if this changed.",uncategorized__free,AUTO_HANDLE,"Explain how customers can verify current free-from product ingredients and labeling.",medium,"Wheat-free product information concern; source_conversation_id=Tesco_278491"
G065,"Also - do you still do RainCheck Vouchers - for a product that is on promo but not in stock? Thanks",stock_availability,AUTO_HANDLE,"Explain whether RainCheck vouchers are currently offered when promotional products are unavailable.",easy,"Promotion/availability policy question; source_conversation_id=Tesco_787075"
G066,"What the hell ? Your fruit and vegetables today are dreadful!!",product_quality,ESCALATE,"Acknowledge the poor produce-quality complaint and ask for relevant product/store details if investigation is required.",easy,"Fresh produce quality complaint; source_conversation_id=Tesco_1830802"
G067,"Hi Andy, Mogden Ln, Isleworth, TW7 7JY - Nagwa Ahdan (Community Champion). A wonderful lady and an asset to Tesco. 👍",customer_service_complaint,AUTO_HANDLE,"Thank the customer for the positive feedback and pass the recognition to the relevant store team.",easy,"Positive staff/customer-service feedback; source_conversation_id=Tesco_939062"
G068,"but even the item that i could click and collect would have had the same postage costs.. you really need to look into that because if you can deliver to the store round the corner for free then to charge almost a tenner for home delivery is disgusting",delivery_issue,ESCALATE,"Explain the applicable delivery and Click & Collect charges and investigate any pricing discrepancy.",medium,"Delivery-cost complaint; source_conversation_id=Tesco_2884493"
G069,"So finally we get an offer of a full refund... but we’re still here in the middle of nowhere with no food! This is ridiculous!",delivery_issue,ESCALATE,"Acknowledge the unresolved delivery situation and investigate the missing food order while explaining the available resolution.",easy,"Delivery failure with customer left without groceries; source_conversation_id=Tesco_1558183"
G070,"Was rather disappointed to only find 3 chicken pieces when there should be 4.",product_quality,AUTO_HANDLE,"Acknowledge the incorrect quantity complaint and provide the appropriate product complaint or refund process.",easy,"Product contents issue; source_conversation_id=Tesco_2112717"
G071,"bought a salt & pepper baguette yesterday- should come with a health warning as salt levels off the scale, almost poison for a child",product_quality,ESCALATE,"Acknowledge the food-quality concern and escalate the reported excessive salt issue for product investigation.",medium,"Potential food safety/quality concern; source_conversation_id=Tesco_1018146"
G072,"hubby just attempted2eat a chicken breast purchased today..he can't even cut it as its all stringy&tough 😷😷 not had a problem before",product_quality,AUTO_HANDLE,"Acknowledge the quality complaint and provide the appropriate product feedback or refund process.",easy,"Food texture/quality issue; source_conversation_id=Tesco_2000947"
G073,"Rotton in wasp in colleagues sarnie... fucking rank Hindley !! Free food for life !!",product_quality,ESCALATE,"Acknowledge the foreign-object complaint, advise not consuming the food, and escalate for investigation.",easy,"Possible insect contamination in food; source_conversation_id=Tesco_2543286"
G074,"Yes, Megan. I've been bagel-less for weeks now 🙄 What's going on?",stock_availability,AUTO_HANDLE,"Check and explain the availability of the requested bagels at the relevant store or stores.",easy,"Product availability complaint; source_conversation_id=Tesco_927703"
G075,"This was embedded in said tuna absolutely disgusted !!!",product_quality,ESCALATE,"Acknowledge the suspected foreign material in the tuna and escalate for product-quality investigation.",medium,"Context indicates foreign material but exact object is omitted; source_conversation_id=Tesco_1945997"
G076,"I was very disappointed to see the gluten free Pizza Express pizzas are not included in the half price offer! Any comment to make?",uncategorized__free,AUTO_HANDLE,"Explain the eligibility rules for the half-price promotion and whether gluten-free Pizza Express pizzas are included.",easy,"Free-from product and promotion query; source_conversation_id=Tesco_875372"
G077,"Why do you not stock TV 4K on your Click & Collect website? You stock other Apple products just not TV whyyy? 🤦🏼‍♂️😮",stock_availability,AUTO_HANDLE,"Explain whether Apple TV 4K is available through Click & Collect and any applicable availability limitations.",easy,"Product availability query; source_conversation_id=Tesco_648730"
G078,"Hi Peter, I asked at the till for anything to carry my 12 bottles purchased and was repeatedly informed that the wine carriers were withdrawn and there was nothing else available. Something in your enquiry at the store is not standing up to scrutiny. #still not happy",customer_service_complaint,ESCALATE,"Acknowledge the store-service complaint and escalate the concern about carrier availability and staff handling.",medium,"Store service and product-carrying provision; source_conversation_id=Tesco_2133522"
G079,"It was at 5.30/5.45pm. Their staff member called Mel clearly needs the term 'customer service' explaining! Maybe a little training req'd!",customer_service_complaint,ESCALATE,"Acknowledge the complaint about staff conduct and forward the feedback to store management.",easy,"Staff conduct/training complaint; source_conversation_id=Tesco_1725920"
G080,"hope everyone’s OK at Colney Hatch Ln Tesco - heard security guard had been hurt? Our local, & lots of friendly, helpful staff.",customer_service_complaint,AUTO_HANDLE,"Acknowledge the concern and positive feedback without speculating about the reported incident.",medium,"Mixed concern and positive staff feedback; source_conversation_id=Tesco_969982"
G081,"the new recipe Peppercorn Sauce is terrible, nowhere near enough flavour or as creamy as the old one, ruined my steak ☹️",product_quality,AUTO_HANDLE,"Acknowledge the product feedback about the new recipe and record it for the relevant product team.",easy,"Product formulation/quality complaint; source_conversation_id=Tesco_58919"
G082,"In the intrest of being constructive. Surely when you cancel an order at 9.20am with 40minutes notice you should offer alternative timings later on the day?",delivery_issue,ESCALATE,"Acknowledge the cancelled-order complaint and explain the available alternative delivery options.",medium,"Order cancellation affecting delivery timing; source_conversation_id=Tesco_1309020"
G083,"Yeh why are not labelling #HALAL meat properly we want a label confirming the animal is humanely dealt with not its throat slashed",uncategorized__tesco,ESCALATE,"Acknowledge the labeling concern and escalate it to the appropriate product or compliance team.",medium,"Specific product-labeling concern has no dedicated taxonomy intent; source_conversation_id=Tesco_973709"
G084,"I just paid £5 for 200 g of smoked salmon... where is the rest of it?!?! Not happy Tesco! Saw it on offer and treated myself, now feeling very ripped off. Tesco please advise!!",product_quality,AUTO_HANDLE,"Acknowledge the underweight product complaint and provide the appropriate product complaint or refund process.",easy,"Product quantity/weight complaint; source_conversation_id=Tesco_2871187"
G085,"Your price in this occasion to click and collect was more expensive than the same product advertised as in stock in a tesco express store so I expect you to honour that price.",stock_availability,ESCALATE,"Investigate the price and availability discrepancy between Click & Collect and the Express store and explain the applicable pricing policy.",medium,"Cross-channel price discrepancy tied to store availability; source_conversation_id=Tesco_79569"
G086,"payed for delivery between 7 and 8 for a reason! it’s still not here! I need to go out, what’s going on?!",delivery_issue,ESCALATE,"Check the delivery status and provide an updated ETA or appropriate resolution for the missed delivery window.",easy,"Missed paid delivery window; source_conversation_id=Tesco_1330920"
G087,"More supermarkets should adopt free fruit for kids idea. My 11 month old gets so excited when he sees where we are cause he loves a banana during our shop 👌",uncategorized__tesco,AUTO_HANDLE,"Thank the customer for the positive feedback about the free-fruit initiative.",easy,"General positive Tesco/store feedback; source_conversation_id=Tesco_2535565"
G088,"what are these investigators investigating? No one has looked at our drains? This is ridiculous!",OVERSIZED_MIXED_CLUSTER__5,ESCALATE,"Acknowledge the unresolved investigation concern and route it to the responsible team for follow-up.",hard,"Underlying investigation context is incomplete; source_conversation_id=Tesco_836447"
G089,"I wouldn’t call twice the price varying slightly! I find that reply disappointing. I’ve found it at the cheaper price at one of your competitors where online and shop prices don’t differ, so will get it refunded.",OVERSIZED_MIXED_CLUSTER__5,ESCALATE,"Acknowledge the pricing complaint and investigate the disputed price before advising on any refund.",medium,"Price dispute with no dedicated pricing taxonomy intent; source_conversation_id=Tesco_2893963"
G090,"Sterotying that I was gonna go out and crack the bottle open with her, it’s a Christmas present for god sake. Terrible service 👍🏼",customer_service_complaint,ESCALATE,"Acknowledge the complaint about the service interaction and escalate the staff/service concern.",hard,"Wording is unclear but clearly describes dissatisfaction with service; source_conversation_id=Tesco_1101299"
G091,"Many thanks for the quick reply info DM’d",uncategorized__dm,AUTO_HANDLE,"Acknowledge the customer's thanks and confirm the DM interaction.",easy,"Explicit DM reference; source_conversation_id=Tesco_584180"
G092,"This is ""my experience"" - I'll not video my other experience which was a £40 basket of shopping with no other means to pay on me 😩",OVERSIZED_MIXED_CLUSTER__5,ESCALATE,"Acknowledge the payment-related incident and escalate for investigation of the customer's transaction experience.",hard,"Payment issue has no dedicated taxonomy intent and context is incomplete; source_conversation_id=Tesco_2166696"
G093,"Hey U ok Hun? paid £3 for a meal deal and ended up with this I demand a public apology otherwise I will be forced to ring the police",uncategorized__meal,ESCALATE,"Acknowledge the Meal Deal complaint and escalate the serious customer complaint for human review.",medium,"Meal Deal complaint combined with threat of police escalation; source_conversation_id=Tesco_1741575"
G094,"Thanks so much for trying !",OVERSIZED_MIXED_CLUSTER__5,AUTO_HANDLE,"Acknowledge the customer's thanks.",hard,"No substantive intent in isolated message; source_conversation_id=Tesco_730142"
G095,"Sent via dm",uncategorized__dm,AUTO_HANDLE,"Acknowledge receipt of the customer's DM.",easy,"Explicit DM reference; source_conversation_id=Tesco_185389"
G096,"Thought as much lol but why would you put 'or less'?",OVERSIZED_MIXED_CLUSTER__5,ESCALATE,"Request or retrieve the preceding context before explaining the wording.",hard,"Context-dependent question; source_conversation_id=Tesco_2938764"
G097,"Hi, I've sent a private message, would somebody be able to answer it please 😊 thanks",uncategorized__dm,AUTO_HANDLE,"Acknowledge the private message and direct the customer to the appropriate DM support process.",easy,"Explicit private-message reference; source_conversation_id=Tesco_2509723"
G098,"Thank you",OVERSIZED_MIXED_CLUSTER__5,AUTO_HANDLE,"Acknowledge the customer's thanks.",hard,"No substantive support intent; source_conversation_id=Tesco_125421"
G099,"totally unacceptable delivery service today! You left my sons Christmas presents outside my front door for them to see when we got home. I’m surprised they weren’t stolen as they must have been there for a few hours 🤬 #tescochristmas #badservice",delivery_issue,ESCALATE,"Acknowledge the unsafe delivery handling and investigate why the order was left unattended.",easy,"Delivery handling/security complaint; source_conversation_id=Tesco_654749"
G100,"we just cut open a brown roll to find a mystery blue material inside it! 🤔",product_quality,ESCALATE,"Acknowledge the foreign-material complaint, advise not consuming the product, and escalate for investigation.",easy,"Foreign material in food; source_conversation_id=Tesco_1961506"
G101,"Yes, Mannings Heath",OVERSIZED_MIXED_CLUSTER__5,ESCALATE,"Use the previous conversation context to determine what the customer is confirming.",hard,"Isolated location-only response; source_conversation_id=Tesco_116663"
G102,"Lol hi Jayne. I've DM your account. A refund is not enough.",uncategorized__dm,ESCALATE,"Acknowledge the DM and dissatisfaction with the proposed refund, then route the complaint for human review.",medium,"DM plus unresolved complaint; source_conversation_id=Tesco_720852"
G103,"Some will never know the pressure of trying to get a Christmas delivery food shop slot.... #tesco #christmasprep #58tinsofchappiesecuresourslot #settinganalarmforpriorityfoodshopaccess. I got the 23rd!! It’s a Christmas miracle! Husband slept through it all",delivery_issue,AUTO_HANDLE,"Acknowledge the customer's successful Christmas delivery-slot booking.",easy,"Positive delivery-slot discussion; source_conversation_id=Tesco_2200936"
G104,"But that I'm being refunded the switch but the games are being sent anyway?!? Can you not just replace the neon switch with the grey one??",OVERSIZED_MIXED_CLUSTER__5,ESCALATE,"Investigate the order and refund status and determine whether the requested replacement can be provided.",medium,"Specific order/refund issue with no dedicated taxonomy intent; source_conversation_id=Tesco_2230827"
G105,"Now I go online and it's out of stock",stock_availability,AUTO_HANDLE,"Explain the current online availability and, where possible, suggest alternative stock information.",easy,"Direct stock availability statement; source_conversation_id=Tesco_1847067"
G106,"Thank you.",OVERSIZED_MIXED_CLUSTER__5,AUTO_HANDLE,"Acknowledge the customer's thanks.",hard,"No substantive support intent; source_conversation_id=Tesco_2216948"
G107,"second day I've come and there's no crisps for the meal deals. Also staff will not let us borrow a trolley as you need a coin when other stores have before",uncategorized__meal,ESCALATE,"Acknowledge the Meal Deal availability complaint and store-service concern and route them for review.",medium,"Meal Deal plus trolley policy issue; source_conversation_id=Tesco_173560"
G108,"Thanks for getting back to me. Please could you check stock at Southport Extra my postcode is PR8.",stock_availability,AUTO_HANDLE,"Check and provide stock availability at the Southport Extra store.",easy,"Specific stock lookup; source_conversation_id=Tesco_1122985"
G109,"any chance your Newry store can sell products in date not nearly two months out of date!!! I was so excited for some tea and a biccy",product_quality,ESCALATE,"Acknowledge the expired-product complaint and escalate the store's date-control issue.",easy,"Expired products in store; source_conversation_id=Tesco_1876603"
G110,"disgusted that I found a live slug slithering all over and nibbling my pak Choi 😤🤢 and now all I've been offered is £5 money card? Are you joking?",product_quality,ESCALATE,"Acknowledge the contamination complaint and inadequate resolution, then escalate for human review and investigation.",easy,"Live pest on produce plus dissatisfaction with compensation; source_conversation_id=Tesco_2240957"
G111,"please help me ! I’m looking for these black Pom Pom shoes , my local store doesn’t have my size and they’re not showing on your website but don’t know why !!",stock_availability,AUTO_HANDLE,"Check product and size availability online and at relevant stores.",easy,"Product/size availability query; source_conversation_id=Tesco_2625291"
G112,"Hi There, still experiencing this issue - it’s been over a week now, and is stopping me from shopping. When will it be fixed??",technical_problem,ESCALATE,"Acknowledge the continuing technical issue and provide or obtain an update on the fix.",hard,"Underlying technical issue is omitted; source_conversation_id=Tesco_32467"
G113,"I felt happier George talking to Marian, u can find my details if u buy one of my books on Amazon, check out MRWILSONSBOOKS or u could buy one of my coins or collectibles on ebay then you will have my details. Now how is that for a deal?",OVERSIZED_MIXED_CLUSTER__5,ESCALATE,"Do not infer a support intent from the message; use the existing conversation context or request clarification.",hard,"Highly context-dependent promotional/contact message; source_conversation_id=Tesco_2965890"
G114,"what an utterly STUPID system in Twickenham the store is open but the tills don't open until 11am?! Sort it out.",customer_service_complaint,ESCALATE,"Acknowledge the store operating-hours complaint and route it to store management.",easy,"Store/till operating issue; source_conversation_id=Tesco_2435811"
G115,"Bath row Tesco Birmingham. Just employ some staff. Every day queues are ridiculous. One person on tills and always 10 + Q...",customer_service_complaint,ESCALATE,"Acknowledge the staffing and queue complaint and escalate it to the store management team.",easy,"Staffing/queue complaint; source_conversation_id=Tesco_1263211"
G116,"you need to update your website as it says LOL big surprise dolls are in stock when they aren't #wastesjourney",stock_availability,ESCALATE,"Investigate the discrepancy between website stock information and actual store availability.",easy,"Incorrect online stock information; source_conversation_id=Tesco_1967223"
G117,"Can you tell me a store local to Crawley West Sussex that is stocking Kelloggs Advent calendars please?",stock_availability,AUTO_HANDLE,"Check and provide availability of Kellogg's Advent calendars at nearby Crawley stores.",easy,"Store stock lookup; source_conversation_id=Tesco_1154058"
G118,"2/2 no show lst ngt no food in home or means to go to purchase called now 2b told no del wld take place utterly disgusted with Tesco",delivery_issue,ESCALATE,"Investigate the missed delivery and provide an urgent resolution for the customer's missing grocery order.",easy,"Repeated/no-show delivery leaving customer without food; source_conversation_id=Tesco_955757"
G119,"Just bought these cherries which are 1 month out of date! Didn’t know you had to check these things in #Tesco #egham",product_quality,ESCALATE,"Apologize for the expired product and report the store date-control issue.",easy,"Expired fresh produce; source_conversation_id=Tesco_2557755"
G120,"Mortified by today. Accused of lying when I went to collect 2nd part of parcel for my 4yo's Xmas, saying we had already collected it. No apology. 30min of arguing to agree for a replacement to be offered. Next week. Ppl should not ever be treated like this. #slander",customer_service_complaint,ESCALATE,"Acknowledge the poor treatment during collection and escalate the complaint while confirming the replacement arrangement.",easy,"Serious customer-service complaint during Click & Collect; source_conversation_id=Tesco_656655"
G121,"received light from your approved partner 'big living' when I opened it, it's cracked. Have emailed them - no reply #CustomerService",product_quality,ESCALATE,"Acknowledge the damaged product and provide the appropriate partner/return escalation route.",easy,"Damaged product purchased from an approved partner; source_conversation_id=Tesco_919542"
G122,"I’m in the Durham area, even the offer online has sold out, why have a promo and not enough stock for the demand!",stock_availability,AUTO_HANDLE,"Explain the promotional stock availability and acknowledge the customer's feedback about insufficient supply.",easy,"Promotion-related stock complaint; source_conversation_id=Tesco_1823343"
G123,"Hi . The new grocery website is very slow. Can we have the old one back pls?",technical_problem,AUTO_HANDLE,"Acknowledge the website performance issue and provide troubleshooting or feedback information.",easy,"Website performance complaint; source_conversation_id=Tesco_2454742"
G124,"So, the Ingram St smells like shit again*... staff saying they've never known it so bad. *Literally, not figuratively",customer_service_complaint,ESCALATE,"Acknowledge the store-environment complaint and escalate it to store management.",medium,"Store condition/environment issue; source_conversation_id=Tesco_2479345"
G125,"does your customer service team always ring people up and ask for their card details then never call them back?",customer_service_complaint,ESCALATE,"Acknowledge the complaint about customer-service handling and escalate the incident for investigation.",easy,"Customer-service process complaint involving payment details; source_conversation_id=Tesco_629983"
G126,"Yes ok. Thank you 👍",OVERSIZED_MIXED_CLUSTER__5,AUTO_HANDLE,"Acknowledge the customer's confirmation and thanks.",hard,"Context-dependent confirmation; source_conversation_id=Tesco_617884"
G127,"Hi Tesco. I just bought these today in Cardiff and didn’t notice the best before date till my colleague pointed it out to me. They weren’t marked down as out of date though.",product_quality,ESCALATE,"Acknowledge the date-labeling complaint and escalate the store issue for investigation.",easy,"Best-before/date-control issue; source_conversation_id=Tesco_2846444"
G128,"#elfhunt #TescoTidworth great job on the elf hunt in the store. My girls loved it and the staff joined in in the magic.",customer_service_complaint,AUTO_HANDLE,"Thank the customer for the positive feedback about the store event and staff.",easy,"Positive store/staff experience; source_conversation_id=Tesco_2248597"
G129,"is your groceries online site down? Was half way through order now won't load.",technical_problem,AUTO_HANDLE,"Check whether the grocery website is experiencing an outage and provide troubleshooting guidance.",easy,"Website availability issue; source_conversation_id=Tesco_1374626"
G130,". smashing having no duck in my hoisin duck wraps 🙄, might as well have spent the extra 10p and got the 2 with a meal deal.",product_quality,AUTO_HANDLE,"Acknowledge the missing ingredient complaint and provide the appropriate product feedback or refund process.",easy,"Product contents issue; source_conversation_id=Tesco_875384"
G131,"hi I've just selected 3 toys on Tesco direct on your 3 for 2 deal however at checkout the cheapest isn't being deducted! I have checked and all 3 are definitely on the the deal! Help please",uncategorized__meal,ESCALATE,"Investigate the 3-for-2 promotion and correct the checkout discount if the products are eligible.",easy,"Promotion issue; mapped to uncategorized__meal because final taxonomy has no general promotions label; source_conversation_id=Tesco_2668124"
G132,"But it happened, yet your CEOs team seem to believe it is acceptable for customers, the people who pay your bills to have to put up with it",customer_service_complaint,ESCALATE,"Acknowledge the serious customer-service complaint and escalate it for management review.",hard,"Follow-up message with missing original incident; source_conversation_id=Tesco_980954"
G133,"Stephen who delivered my shopping just now was brilliant! Please have more delivery drivers like him ☺️👍",delivery_issue,AUTO_HANDLE,"Thank the customer for the positive delivery-driver feedback and pass the recognition to the relevant team.",easy,"Positive delivery feedback; source_conversation_id=Tesco_1591610"
G134,"my club card points were converted into 360 Avios in October but they haven’t been credited to my executive club account as yet. Can you help please?",OVERSIZED_MIXED_CLUSTER__5,ESCALATE,"Investigate the missing loyalty-point transfer and provide an account-specific resolution.",medium,"Loyalty/account issue with no dedicated taxonomy intent; source_conversation_id=Tesco_2437143"
G135,"Just been to Tesco to buy tonic. As usual they haven’t got any. Asked if there was some in the back and told “you don’t need it now, getting some at 6pm, come back later?” If you can let me know when is convenient for me to shop I will arrange my life around #appalled",stock_availability,AUTO_HANDLE,"Check and provide current tonic availability and, where possible, expected replenishment information.",easy,"Product availability complaint; source_conversation_id=Tesco_941078"
G136,"your pressed pineapple juice is really inconsistent man one time you get it it’s amazingly sweet the next super sour I feel sick now 😩😩😩😑",product_quality,ESCALATE,"Acknowledge the product-quality complaint and investigate the reported inconsistent taste.",easy,"Product quality with reported illness/sickness; source_conversation_id=Tesco_2122437"
G137,"bought this. Washed it after buying unused and its gone rusty! Didnt non stick!! Please explain",product_quality,ESCALATE,"Acknowledge the faulty cookware complaint and provide the appropriate return or replacement process.",easy,"Damaged/faulty product; source_conversation_id=Tesco_61150"
G138,"I need an email address for customer service please.",customer_service_complaint,AUTO_HANDLE,"Provide the appropriate customer-service contact channel or email information.",easy,"Customer-service contact request; source_conversation_id=Tesco_1789895"
G139,"I just wanted to say how fantastic Doreen at Tesco fuel station Applemore was today, my wife put in the wrong fuel and she gave us advice and also bought us tea and checked we were ok. She was so helpful. Thank you Doreen #tesco #lifesaver #kindnessofstrangers",customer_service_complaint,AUTO_HANDLE,"Thank the customer for the positive staff feedback and pass the recognition to Doreen and the relevant team.",easy,"Positive staff/customer-service feedback; source_conversation_id=Tesco_58916"
G140,"can you help us find a dairy free advent calender for my niece - we have been all over Leeds with no success.Pretty please x",uncategorized__free,AUTO_HANDLE,"Check availability of suitable dairy-free Advent calendars at relevant stores.",easy,"Dairy-free product availability; source_conversation_id=Tesco_2023514"
G141,"bought this cake from Datchet express yesterday. Disgusted to find best before is a week ago! (19th).",product_quality,ESCALATE,"Apologize for the expired cake and escalate the store date-control issue.",easy,"Expired product; source_conversation_id=Tesco_2826084"
G142,"Considering your Christmas message this report had better be a disgusting joke!!! Because if it is true, you better fix it pronto 😠 This is an utterly despicable practice.",customer_service_complaint,ESCALATE,"Acknowledge the serious complaint and escalate the reported practice for appropriate review.",hard,"Underlying reported practice is not specified; source_conversation_id=Tesco_2816719"
G143,"Ridiculous scenes at Old Kent Road no shopping baskets for anyone to use. Have to wait until shoppers leave to get one!",customer_service_complaint,ESCALATE,"Acknowledge the store-service issue and report the shortage of shopping baskets to store management.",easy,"Store facilities/service complaint; source_conversation_id=Tesco_2857430"
G144,"My latest gripe. Having to navigate around an army of “online order” pickers . It seems I am less valued than those who sit at home!",customer_service_complaint,ESCALATE,"Acknowledge the customer's store-experience complaint and pass the feedback to store management.",easy,"Store experience involving online-order pickers; source_conversation_id=Tesco_1006853"
G145,"just had my food shopping delivered and realised they sent me 2 wrong items and it’s not on my substitute list?",delivery_issue,ESCALATE,"Investigate the incorrect delivered items and provide the appropriate replacement, refund, or complaint resolution.",easy,"Wrong items in delivery; source_conversation_id=Tesco_1362685"
G146,"just found out you haven’t refunded order and you have no idea why! Fortunately Cameron at customer service has done this-not good",OVERSIZED_MIXED_CLUSTER__5,ESCALATE,"Acknowledge the delayed refund and investigate the transaction if further action is required.",medium,"Refund issue has no dedicated taxonomy intent; source_conversation_id=Tesco_756281"
G147,"Sure did got the S A....and some F 18 and some....sorry Father Christmas says I can't tell u what we asked him to bring....but you have some awesome helpers that early in the morning and were treated as valued customer....gotta a load of clubpoins too. Thanks all at callington",customer_service_complaint,AUTO_HANDLE,"Thank the customer for the positive store and staff feedback.",hard,"Positive staff experience with unclear product references; source_conversation_id=Tesco_130420"
G148,"just got home from Tesco in Welling and noticed they have sold me two out of date mini pizzas. Disgusting",product_quality,ESCALATE,"Apologize for the expired products and escalate the store date-control issue.",easy,"Expired food; source_conversation_id=Tesco_867705"
G149,"Please can I have fifa 18 for free? :))))",stock_availability,AUTO_HANDLE,"Explain whether FIFA 18 is available for purchase and that free copies cannot be provided unless an applicable promotion exists.",easy,"Product/request query; source_conversation_id=Tesco_1572467"
G150,"Dundee Riverside store was freezing today, staff walking about with scarves on, they told me the heating hasn't worked properly for years. Surely a minimum store temperature for your staff is a requirement?",customer_service_complaint,ESCALATE,"Acknowledge the store-environment concern and escalate the heating issue to store management.",easy,"Store facilities and staff working conditions; source_conversation_id=Tesco_1462312"
G151,"have sent a DM",uncategorized__dm,AUTO_HANDLE,"Acknowledge receipt of the customer's DM.",easy,"Explicit DM reference; source_conversation_id=Tesco_2790894"
G152,"Have done, thanks.",OVERSIZED_MIXED_CLUSTER__5,AUTO_HANDLE,"Acknowledge the customer's confirmation and thanks.",hard,"Missing context; source_conversation_id=Tesco_2829046"
G153,"Seriously getting annoyed with the superstore in Dunmurry. Sent to get me mango and strawberries and they didn’t have ANY!",stock_availability,AUTO_HANDLE,"Check and explain availability of mango and strawberries at the specified store.",easy,"Fresh-produce stock complaint; source_conversation_id=Tesco_1517116"
G154,"Thanks - I’ve sent through my email",OVERSIZED_MIXED_CLUSTER__5,AUTO_HANDLE,"Acknowledge receipt of the customer's email.",hard,"Context-dependent confirmation; source_conversation_id=Tesco_155276"
G155,"John on the checkout @ your Cirencester store was so charming and kind today. So nice to see genuine people who enjoy their jobs! ☺️👏🏻",customer_service_complaint,AUTO_HANDLE,"Thank the customer for the positive feedback and pass the recognition to John and the store.",easy,"Positive checkout staff feedback; source_conversation_id=Tesco_278585"
G156,"absolute appalled with service in the Bham New Street Store. 30 minutes queuing with only one member of staff on tills and no apology",customer_service_complaint,ESCALATE,"Acknowledge the excessive queue and staffing complaint and escalate it to store management.",easy,"Queue/staffing complaint; source_conversation_id=Tesco_1091058"
G157,"Dm sent",uncategorized__dm,AUTO_HANDLE,"Acknowledge receipt of the customer's DM.",easy,"Explicit DM reference; source_conversation_id=Tesco_2733112"
G158,"Can you replay to my dm",uncategorized__dm,AUTO_HANDLE,"Acknowledge the request and direct the customer to the DM support process.",easy,"Explicit request for DM response; source_conversation_id=Tesco_2012937"
G159,"disappointed to find that the selection of free from “cheese” and other fridge free from products has been reduced in my local store to make way for Christmas foods! #BahHumbug #bringbackfreefrom #freefrom #nochoice #beingbackviolife #tesco #noveganchoice #sadface",uncategorized__free,ESCALATE,"Acknowledge the reduced free-from range and forward the product-selection feedback to the relevant team.",easy,"Free-from product availability/selection complaint; source_conversation_id=Tesco_494277"
G160,"DM’d",uncategorized__dm,AUTO_HANDLE,"Acknowledge receipt of the customer's DM.",easy,"Explicit DM reference; source_conversation_id=Tesco_1277284"
G161,"who can I talk to regarding a Tesco now delivery? I’ve been waiting to speak with someone on the phone for over 15 mins now!",delivery_issue,ESCALATE,"Provide the appropriate Tesco Now delivery support route and address the prolonged wait for assistance.",medium,"Delivery support request with failed phone contact; source_conversation_id=Tesco_2790832"
G162,"£4 for click and collect a single item from your store even when the delivery slot is free?! #JogOn",delivery_issue,ESCALATE,"Explain the Click & Collect charge and investigate whether the fee was applied correctly.",easy,"Click & Collect pricing complaint mapped to delivery issue; source_conversation_id=Tesco_1642083"
G163,"Are you replying to DMs? Sent one 45 minutes ago, but no reply :-(.",uncategorized__dm,AUTO_HANDLE,"Explain the DM support process and expected response handling.",easy,"Explicit DM response query; source_conversation_id=Tesco_2662784"
G164,"Thanks Pter - just sent DM",uncategorized__dm,AUTO_HANDLE,"Acknowledge receipt of the customer's DM.",easy,"Explicit DM reference; source_conversation_id=Tesco_2846437"
G165,"wondering where’s the bacon is in my club sandwich please? I’m struggling to find it. #disappointed #baffled",product_quality,AUTO_HANDLE,"Acknowledge the missing ingredient complaint and provide the appropriate product complaint or refund process.",easy,"Product contents issue; source_conversation_id=Tesco_1145299"
G166,"Hello!?",OVERSIZED_MIXED_CLUSTER__5,ESCALATE,"Request the customer's question or missing context before providing support.",hard,"No identifiable support intent; source_conversation_id=Tesco_1046729"
G167,"Not a pleasant find in my pack of peppers bought today 🤢🤢",product_quality,ESCALATE,"Ask for details of the object or issue found in the peppers and escalate the product-quality complaint.",medium,"Likely contamination/foreign-object issue but exact problem is omitted; source_conversation_id=Tesco_1818486"
G168,"your oats value needs to remove from every U.K. branch. IMMEDIATELY",product_quality,ESCALATE,"Acknowledge the serious product complaint and request product details before escalating for investigation.",hard,"Product identity/context is unclear; source_conversation_id=Tesco_1008386"
G169,"WOW. Oven cooked this according to instructions. The plastic melted! It is NOT oven proof!! 😷 😱 #quorn #vegetarian #meatfree",product_quality,ESCALATE,"Acknowledge the product-safety complaint, advise against further use, and escalate for investigation.",easy,"Potential product safety/packaging failure; source_conversation_id=Tesco_2950192"
G170,"thanks for the reply, I just sent another question regarding the issue with available balance I forgot to ask",OVERSIZED_MIXED_CLUSTER__5,ESCALATE,"Use the previous account context to address the customer's additional available-balance question.",hard,"Account/balance issue with no dedicated taxonomy intent; source_conversation_id=Tesco_1088902"
G171,"Stuck behind a van because apparently delivery drivers think the middle of the road is a parking space...",delivery_issue,ESCALATE,"Acknowledge the delivery-driver conduct complaint and pass the feedback to the appropriate delivery team.",easy,"Delivery-driver behavior complaint; source_conversation_id=Tesco_981335"
G172,"apparently tescometro in Glasgow couldn’t provide a VAT receipt until the next day. How complicated do you make it?? Or is it just a lazy manager?",customer_service_complaint,ESCALATE,"Acknowledge the service complaint about delayed receipt provision and escalate it to the relevant store/team.",easy,"Store/customer-service process complaint; source_conversation_id=Tesco_1510255"
G173,"People walking in front of cars, kids swinging and climbing on trolley parks. Terrible planning by you. I only went for the pharmacy!",customer_service_complaint,ESCALATE,"Acknowledge the store safety/planning complaint and escalate it to the appropriate store management team.",easy,"Store environment and safety complaint; source_conversation_id=Tesco_583104"
G174,"Hi, been wondering why diesel is different prices at your filling stations??",uncategorized__tesco,AUTO_HANDLE,"Explain that fuel prices can vary between filling stations and provide the applicable general pricing information.",easy,"General Tesco fuel-pricing question; source_conversation_id=Tesco_1063917"
G175,"Member of staff at tesco neath with slit throat for halloween. Totally inappropriate and offensive.",customer_service_complaint,ESCALATE,"Acknowledge the serious complaint about staff conduct and escalate it for management review.",easy,"Offensive staff behavior/costume complaint; source_conversation_id=Tesco_1946937"
G176,"Disgusting Tesco selling an Xmas card with Santa saying he's gonna have a beer n skip Wales. Talk about racist. Whoever made and agreed to sell it shod be charged with racial hatred needs to withdraw from sale",product_quality,ESCALATE,"Acknowledge the complaint about offensive product content and escalate it to the appropriate product/compliance team.",easy,"Offensive product/content complaint mapped to product_quality because no dedicated policy/complaint label fits; source_conversation_id=Tesco_2895429"
G177,"So full after my sandwich They pack them so full of filling. Best available. THREE TINY BITS OF CHICKEN ARE YOU SERIOUS",product_quality,AUTO_HANDLE,"Acknowledge the missing/insufficient filling complaint and provide the appropriate product feedback process.",easy,"Product contents complaint; source_conversation_id=Tesco_1572384"
G178,"Hi again, I’ve got the other plasters from the pack if that helps. They’ve got a ‘lot number’ on them.",OVERSIZED_MIXED_CLUSTER__5,ESCALATE,"Use the lot number with the existing complaint context to investigate the affected product.",hard,"Follow-up containing product traceability information; underlying issue is omitted; source_conversation_id=Tesco_850211"
G179,"Absolutely disgusted to find what appears to be a squished bug on one of your wraps that I purchased this afternoon. Thankfully brother hadn't eaten it but I suggest quality control needs improvement",product_quality,ESCALATE,"Acknowledge the foreign-object complaint, advise not consuming the product, and escalate for quality investigation.",easy,"Insect contamination in food; source_conversation_id=Tesco_2491128"
G180,"Can't order online for delivery or c&c and nowhere to subscribe. Please help upset 3 year old #littleproblemsbigtantrums",technical_problem,ESCALATE,"Troubleshoot the inability to place an online delivery or Click & Collect order and investigate the subscription issue.",easy,"Online ordering technical/access problem; source_conversation_id=Tesco_2910881"
G181,"Due to a life hurry, I was forced to buy one of your ready meals. This was a 'Finest' Moussaka. There was nothing 'fine' about this. Please send your Head Chef to Greece to experience what this should taste like....or pop to as they have it nailed!",product_quality,AUTO_HANDLE,"Acknowledge the product-quality feedback about the ready meal and record it for the relevant product team.",easy,"Ready-meal taste/quality complaint; source_conversation_id=Tesco_44189"
G182,"Is it only me that thinks the M&S & Tesco gf sandwich thins look under baked. Not a spot of the warburton ones but they are hard to get",uncategorized__free,ESCALATE,"Acknowledge the gluten-free product quality concern and escalate it for product investigation.",medium,"Free-from product with possible underbaking issue; source_conversation_id=Tesco_1018790"
G183,"Any danger in a response?",OVERSIZED_MIXED_CLUSTER__5,ESCALATE,"Acknowledge the follow-up request and use the preceding conversation to determine the unresolved issue.",hard,"No context about the requested response; source_conversation_id=Tesco_2324452"
G184,"I can’t find this clumping cat litter at your Brookfield centre, Cheshunt anyone. Have you discontinued it?",stock_availability,AUTO_HANDLE,"Check whether the clumping cat litter is currently stocked or discontinued and provide availability information.",easy,"Product availability/discontinuation query; source_conversation_id=Tesco_1614657"
G185,"#cleethorpes I think you need to remove the assistant button from changing rooms. After waiting 5 mins I had to shout for assistance only to be told they have never worked! I just wanted a different size & didn't want to have to get dressed",customer_service_complaint,ESCALATE,"Acknowledge the failed changing-room assistance system and escalate the store-service issue.",easy,"Store service/equipment complaint; source_conversation_id=Tesco_2359189"
G186,"Hi, I've sent some of your details. Unfortunately, don't have the packaging to hand atm, trying ti get that sorted too",OVERSIZED_MIXED_CLUSTER__5,ESCALATE,"Use the existing complaint context and the supplied product details to continue the investigation.",hard,"Follow-up message with missing underlying issue; source_conversation_id=Tesco_1766121"
G187,"is the new #Christmas menu deal out? looks like last years, but my fiancée and myself were not keen on the Pudding.",uncategorized__meal,AUTO_HANDLE,"Provide information about the current Christmas Meal Deal and its product selection.",easy,"Meal Deal information query; source_conversation_id=Tesco_1684665"
G188,"Hi I have just hurt my gum after biting a small piece of stone/gravel in one of your meal deal salads! :-(",product_quality,ESCALATE,"Acknowledge the foreign-object injury, advise not consuming the product, and escalate urgently for product-quality investigation.",easy,"Food contamination with physical injury; source_conversation_id=Tesco_1400740"
G189,"When will delivery saver Xmas slots be released please?",delivery_issue,AUTO_HANDLE,"Provide information about when Christmas Delivery Saver slots are released.",easy,"Delivery-slot information request; source_conversation_id=Tesco_1500064"
G190,"do all your chicken breasts come with BONE??",product_quality,AUTO_HANDLE,"Explain whether the product may contain bones and provide relevant product information.",easy,"Product composition/quality information query; source_conversation_id=Tesco_1292134"
G191,"Thank you for your help, ordered this morning! 🙌",OVERSIZED_MIXED_CLUSTER__5,AUTO_HANDLE,"Acknowledge the customer's thanks and successful order.",hard,"Positive follow-up with no standalone intent; source_conversation_id=Tesco_1961616"
G192,"your click and collect email suggests times that for your store later than it is open (Sunday)",technical_problem,ESCALATE,"Investigate the discrepancy between Click & Collect email times and store opening hours and correct the information.",medium,"Potential online/system information error; source_conversation_id=Tesco_2978927"
G193,"CUSTOMER COMPLAINT!!! Bought these online so that my 3 year old daughter could attend a themed Christmas Snowdog sleepover tonight however due to your incompetence in not removing a security tag my daughter couldn't wear these and cried for over 2 hours . VERY ANGRY!!!",customer_service_complaint,ESCALATE,"Acknowledge the serious service failure involving the security tag and escalate the complaint for human review.",easy,"Serious customer-service complaint and customer harm/distress; source_conversation_id=Tesco_575718"
G194,"Yes, I do!",OVERSIZED_MIXED_CLUSTER__5,ESCALATE,"Use the previous conversation context to determine what the customer is confirming.",hard,"Isolated context-dependent reply; source_conversation_id=Tesco_2877453"
G195,"Hi , can you let me know which of your Healthy Living salads are available as part of the Meal Deal? Doesn't seem to be many. Thanks!",uncategorized__meal,AUTO_HANDLE,"Provide the current list or availability of Healthy Living salads included in the Meal Deal.",easy,"Meal Deal product eligibility query; source_conversation_id=Tesco_1271298"
G196,"When you walk to for the gluten free frozen garlic bread AND THE FREEZERS ARE BROKEN AND EMPTY... nooooooo",uncategorized__free,ESCALATE,"Acknowledge the free-from product availability issue and report the broken freezer/store equipment problem.",medium,"Gluten-free stock issue caused by broken freezers; source_conversation_id=Tesco_1796575"
G197,"It's fine. As long as it's accurate. Just was a bit confusing.",OVERSIZED_MIXED_CLUSTER__5,ESCALATE,"Use the preceding conversation to identify what information was confusing and provide a grounded clarification.",hard,"Context-dependent follow-up; source_conversation_id=Tesco_441606"
G198,"Just bought ice cream from and it tastes like it has been defrosted and frozen again, feels like I’m eating sand! 😞",product_quality,ESCALATE,"Acknowledge the suspected temperature-abuse/product-quality issue and provide the appropriate complaint or refund process.",easy,"Ice-cream quality/freezing issue; source_conversation_id=Tesco_1583909"
G199,"went to your store next to biscuit factory in Newcastle Uk, & was served by an Irish young lad at about 2pm. He was really upbeat & you should be proud of him as a customer service representative. Please pass on to store from someone who once worked in a shop!",customer_service_complaint,AUTO_HANDLE,"Thank the customer for the positive staff feedback and pass the recognition to the store team.",easy,"Positive customer-service feedback; source_conversation_id=Tesco_2820790"
G200,"I must say that I'm absolutely disgusted by the prices & will be shopping elsewhere",OVERSIZED_MIXED_CLUSTER__5,AUTO_HANDLE,"Acknowledge the customer's pricing feedback.",medium,"Pricing complaint has no dedicated pricing taxonomy intent; source_conversation_id=Tesco_1746166"